[{"model": "passenger.user", "pk": 1, "fields": {"last_login": "2025-08-28T09:20:28.011Z", "is_superuser": false, "first_name": "Saif", "last_name": "Admin", "email": "admin@example.com", "password": "pbkdf2_sha256$1000000$gWhkCwEIq0lbWWuKeOtSIc$xf1kgaLaTMsJDDJsV+5qkoGpa4M/LT27OFTnBfdaRVc=", "phone": "1234567890", "country_code": "+91", "gender": null, "profile_picture": null, "description": "", "payment_method": "", "emergency_contact": null, "is_verified": true, "status": "Active", "referral_code": null, "referred_by": null, "created_at": "2025-07-30T11:01:31.703Z", "updated_at": "2025-08-01T09:35:03.130Z", "is_admin": true, "is_active": true, "is_staff": true, "groups": [], "user_permissions": []}}, {"model": "passenger.user", "pk": 2, "fields": {"last_login": "2025-08-25T08:46:01.709Z", "is_superuser": false, "first_name": "Max", "last_name": "Paine", "email": "max.paine@example.com", "password": "pbkdf2_sha256$1000000$Mgo5arfWpyxUAigbCWEXRZ$X4At7/YLx00QlX7xENjZ59y421/N6YqXe1cF/oHgSA8=", "phone": "9876543210", "country_code": "+91", "gender": "Male", "profile_picture": null, "description": "", "payment_method": "Debit Card", "emergency_contact": "9393939393", "is_verified": true, "status": "Active", "referral_code": null, "referred_by": null, "created_at": "2025-07-30T11:10:25.772Z", "updated_at": "2025-08-19T08:49:46.917Z", "is_admin": false, "is_active": true, "is_staff": false, "groups": [], "user_permissions": []}}, {"model": "passenger.user", "pk": 3, "fields": {"last_login": "2025-08-14T06:51:39.076Z", "is_superuser": false, "first_name": "Mike", "last_name": "Ross", "email": "mike.ross@example.com", "password": "pbkdf2_sha256$1000000$hxHBdVbnFEhbFetcItlXKg$Ke1O7u/17OOlCfB/mv/EZ4T1LwuT9fRWf2CaeIw0yv8=", "phone": "9922992299", "country_code": "+91", "gender": "Male", "profile_picture": null, "description": "", "payment_method": "Cash", "emergency_contact": null, "is_verified": true, "status": "Active", "referral_code": null, "referred_by": null, "created_at": "2025-08-04T10:49:55.724Z", "updated_at": "2025-08-13T06:56:58.904Z", "is_admin": false, "is_active": true, "is_staff": false, "groups": [], "user_permissions": []}}, {"model": "passenger.user", "pk": 4, "fields": {"last_login": "2025-08-18T09:29:39.042Z", "is_superuser": false, "first_name": "Harvey", "last_name": "Spector", "email": "harveyspector@example.com", "password": "pbkdf2_sha256$1000000$P2nMahs8MnA5E0i6FdiIID$pve7/VgrxJRpgIhtqtaKAe8G2gJIqA9z4ypaMzQbfXE=", "phone": "8822882288", "country_code": "+91", "gender": "Male", "profile_picture": null, "description": "", "payment_method": "", "emergency_contact": null, "is_verified": true, "status": "Active", "referral_code": null, "referred_by": null, "created_at": "2025-08-05T07:19:40.850Z", "updated_at": "2025-08-13T06:57:05.621Z", "is_admin": false, "is_active": true, "is_staff": false, "groups": [], "user_permissions": []}}, {"model": "passenger.user", "pk": 5, "fields": {"last_login": "2025-08-14T10:10:29.790Z", "is_superuser": false, "first_name": "Jon", "last_name": "Snow", "email": "jonsnow@example.com", "password": "pbkdf2_sha256$1000000$cLXhllS8FDskB5qBrcS5hR$Go4rp8h/TnaxucVz3k0J24QnpXuZQwMBaZamRwAJ4b4=", "phone": "7788665588", "country_code": "+91", "gender": "Male", "profile_picture": null, "description": "", "payment_method": "Cash", "emergency_contact": null, "is_verified": true, "status": "Active", "referral_code": null, "referred_by": null, "created_at": "2025-08-11T09:48:29.927Z", "updated_at": "2025-08-13T11:15:21.168Z", "is_admin": false, "is_active": true, "is_staff": false, "groups": [], "user_permissions": []}}, {"model": "passenger.user", "pk": 6, "fields": {"last_login": "2025-08-14T07:58:33.457Z", "is_superuser": false, "first_name": "Walter", "last_name": "White", "email": "walter.white@example.com", "password": "pbkdf2_sha256$1000000$ibVkQNBtOGW0i10yf2Ezgf$nDoXoS89uM4la6aszjcUSt25SGk4998AHVOU1Bk2ZAc=", "phone": "9977886655", "country_code": "+91", "gender": "Male", "profile_picture": null, "description": "", "payment_method": "", "emergency_contact": null, "is_verified": true, "status": "Inactive", "referral_code": null, "referred_by": null, "created_at": "2025-08-14T07:58:13.549Z", "updated_at": "2025-08-15T09:38:08.321Z", "is_admin": false, "is_active": true, "is_staff": false, "groups": [], "user_permissions": []}}, {"model": "driver.driver", "pk": 2, "fields": {"first_name": "Rahul", "last_name": "Sharma", "vehicle_type": null, "email": "rahul.sharma@example.com", "phone": "9988776655", "gender": null, "state": "Maharashtra", "city": "Pune", "plate_number": "DL05CD5678", "manufacturer": "Honda", "color": "Blue", "manufacturing_year": 2020, "seat_arrangement": 4, "full_address": "Flat 101, A Wing, Green Apartments, Koregaon Park", "availability": true, "upi_id": "rahulsharma@upi", "bank_name": "HDFC Bank", "ifsc_code": "HDFC0000001", "account_number": "50100123456789", "password_hash": "", "daily_services": true, "rental_services": true, "outstation_services": true, "rating": "0.00", "status": "Active", "created_at": "2025-07-30T14:28:00.608Z", "is_deleted": true, "vehicle_rc": "", "vehicle_rc_status": "Pending", "license_document": "", "license_document_status": "Pending", "id_proof": "", "id_proof_status": "Pending"}}, {"model": "driver.driver", "pk": 3, "fields": {"first_name": "Suresh", "last_name": "Kumar", "vehicle_type": "Auto", "email": "suresh.kumar@example.com", "phone": "9765432109", "gender": "Male", "state": "Karnataka", "city": "Bengaluru", "plate_number": "KA01EF9012", "manufacturer": "Bajaj", "color": "Black", "manufacturing_year": 2016, "seat_arrangement": 3, "full_address": "25, 3rd Cross, Jayanagar", "availability": true, "upi_id": "sureshauto@sbi", "bank_name": "State Bank of India", "ifsc_code": "SBIN0000003", "account_number": "10000001234567", "password_hash": "pbkdf2_sha256$1000000$dxvayqB5iPjtFdcsBnILKW$J1+U/soZPCjn1ukjXUDom8sBIhmnWZGvtjnTwINkEOQ=", "daily_services": true, "rental_services": true, "outstation_services": false, "rating": "0.00", "status": "Active", "created_at": "2025-07-30T14:30:21.083Z", "is_deleted": false, "vehicle_rc": "driver_documents/vehicle_rcs/dummy_rc_2MJEvgt.jpeg", "vehicle_rc_status": "Verified", "license_document": "driver_documents/licenses/dummy_dl_copy_4H0UzKc.jpg", "license_document_status": "Verified", "id_proof": "", "id_proof_status": "Rejected"}}, {"model": "driver.driver", "pk": 4, "fields": {"first_name": "Anil", "last_name": "Yadav", "vehicle_type": "Bike", "email": "anil.yadav@example.com", "phone": "9654321098", "gender": "Male", "state": "Uttar Pradesh", "city": "Lucknow", "plate_number": "UP16GH3456", "manufacturer": "Hero", "color": "Red", "manufacturing_year": 2018, "seat_arrangement": 1, "full_address": "Gali No. 7, Indira Nagar", "availability": true, "upi_id": "anilyadav@phonepe", "bank_name": "Axis Bank", "ifsc_code": "UTIB0000004", "account_number": "91234567890123", "password_hash": "pbkdf2_sha256$1000000$oE2w7oKfs2A72XkNhx0r8Y$wUXmxokqIARNmzgzfsX0J6IHsYjib9kCK8g168RARPs=", "daily_services": true, "rental_services": true, "outstation_services": false, "rating": "0.00", "status": "Active", "created_at": "2025-07-30T14:32:51.005Z", "is_deleted": false, "vehicle_rc": "", "vehicle_rc_status": "Pending", "license_document": "driver_documents/licenses/dummy_dl_copy_tkpgYHL.jpg", "license_document_status": "Verified", "id_proof": "", "id_proof_status": "Pending"}}, {"model": "driver.driver", "pk": 5, "fields": {"first_name": "Deepak", "last_name": "Rao", "vehicle_type": "Suv", "email": "deepak.rao@example.com", "phone": "9543210987", "gender": "Male", "state": "Tamil Nadu", "city": "Chennai", "plate_number": "TN07IJ7890", "manufacturer": "Mahindra", "color": "Yellow", "manufacturing_year": 2015, "seat_arrangement": 6, "full_address": "Plot 15, Anna Nagar", "availability": true, "upi_id": "deepikarao@gpay", "bank_name": "Canara Bank", "ifsc_code": "CNRB0000005", "account_number": "87654321098765", "password_hash": "pbkdf2_sha256$1000000$t5LtJzCoI0QVwGcaclFl1K$qXKl4iW84aR/r/YfBhVl1Ekq410Gda+YX62GipYlJZs=", "daily_services": true, "rental_services": true, "outstation_services": true, "rating": "0.00", "status": "Active", "created_at": "2025-07-30T14:35:40.244Z", "is_deleted": false, "vehicle_rc": "", "vehicle_rc_status": "Pending", "license_document": "", "license_document_status": "Rejected", "id_proof": "", "id_proof_status": "Pending"}}, {"model": "driver.driver", "pk": 6, "fields": {"first_name": "Anmol", "last_name": "Gupta", "vehicle_type": "Sedan", "email": "anmol.gupta@example.com", "phone": "9228223344", "gender": "Male", "state": "Gujarat", "city": "Ahmedabad", "plate_number": "GJ 02 AB 2022", "manufacturer": "Toyota", "color": "White", "manufacturing_year": 2023, "seat_arrangement": 4, "full_address": "13 B, MG ROAD", "availability": true, "upi_id": "anmol@upi", "bank_name": "Axis Bank", "ifsc_code": "AXB00000010", "account_number": "1290149428204", "password_hash": "pbkdf2_sha256$1000000$wvVWkMpbMiZ41o6UUqeUHN$yBhWh3mpucLZ+EHikTn/b+UPEs+hdYGTLA0FJ6+yE1E=", "daily_services": null, "rental_services": null, "outstation_services": null, "rating": "0.00", "status": "Active", "created_at": "2025-08-05T07:05:15.551Z", "is_deleted": false, "vehicle_rc": "", "vehicle_rc_status": "Pending", "license_document": "", "license_document_status": "Pending", "id_proof": "", "id_proof_status": "Pending"}}, {"model": "driver.driver", "pk": 7, "fields": {"first_name": "Mahesh", "last_name": "Kumar", "vehicle_type": "Auto", "email": "mahesh.kumar@example.com", "phone": "2233884488", "gender": "Male", "state": "Maharashtra", "city": "Mumbai", "plate_number": "MH12AB1234", "manufacturer": "Bajaj", "color": "Black", "manufacturing_year": 2020, "seat_arrangement": 3, "full_address": "", "availability": true, "upi_id": "mahesh@upi", "bank_name": "State Bank of India", "ifsc_code": "SBIN0000300", "account_number": "4373478358", "password_hash": "pbkdf2_sha256$1000000$eODkqYAMOgbYRJgh2VvPx9$v+MAKJeV11q9A1XxRoLAadAMT4NBsIdh6hIO/wvFG0U=", "daily_services": null, "rental_services": null, "outstation_services": null, "rating": "3.50", "status": "Active", "created_at": "2025-08-06T10:38:37.093Z", "is_deleted": false, "vehicle_rc": "", "vehicle_rc_status": "Pending", "license_document": "", "license_document_status": "Pending", "id_proof": "", "id_proof_status": "Pending"}}, {"model": "driver.driver", "pk": 8, "fields": {"first_name": "Ram", "last_name": "Prasad", "vehicle_type": "Auto", "email": "ram.prasad@example.com", "phone": "4843478389", "gender": "Male", "state": "Maharashtra", "city": "Pune", "plate_number": "MH12AB1234", "manufacturer": "Bajaj", "color": "White", "manufacturing_year": 2020, "seat_arrangement": 3, "full_address": "", "availability": true, "upi_id": "ramprasad@upi", "bank_name": "State Bank of India", "ifsc_code": "SBIN0000300", "account_number": "3298238932893", "password_hash": "pbkdf2_sha256$1000000$eYjuT5TouBRVZVDQtRzFR7$Rzprs30hkhB/kSqOFXu9HNEIFzU1mgnPMRfE75t1PEo=", "daily_services": null, "rental_services": null, "outstation_services": null, "rating": "4.00", "status": "Active", "created_at": "2025-08-06T10:40:24.186Z", "is_deleted": false, "vehicle_rc": "", "vehicle_rc_status": "Pending", "license_document": "", "license_document_status": "Pending", "id_proof": "", "id_proof_status": "Pending"}}, {"model": "driver.driver", "pk": 9, "fields": {"first_name": "Rahul", "last_name": "Sharma", "vehicle_type": null, "email": "sharma.rahul@example.com", "phone": "7788993344", "gender": null, "state": null, "city": null, "plate_number": "GJ02AB2233", "manufacturer": "TATA", "color": "White", "manufacturing_year": 2020, "seat_arrangement": 4, "full_address": "Gujrat", "availability": true, "upi_id": "rahul@upi", "bank_name": "SBI Bank", "ifsc_code": "SBIN0000001", "account_number": "42982959289", "password_hash": "", "daily_services": null, "rental_services": null, "outstation_services": null, "rating": "0.00", "status": "Active", "created_at": "2025-08-14T08:38:33.835Z", "is_deleted": true, "vehicle_rc": "", "vehicle_rc_status": "Pending", "license_document": "", "license_document_status": "Pending", "id_proof": "", "id_proof_status": "Pending"}}, {"model": "driver.driver", "pk": 10, "fields": {"first_name": "Alex", "last_name": "Ferguson", "vehicle_type": "Hatchback", "email": "alex.ferguson@example.com", "phone": "7766889900", "gender": "Male", "state": "Tamil Nadu", "city": "Chennai", "plate_number": "TN02AB4321", "manufacturer": "Honda", "color": "Grey", "manufacturing_year": 2014, "seat_arrangement": 4, "full_address": "Chennai", "availability": true, "upi_id": "alex@upi", "bank_name": "SBI", "ifsc_code": "SBIN0000001", "account_number": "3256292359", "password_hash": "pbkdf2_sha256$1000000$UXAAV34oCig37bWDMsPd3O$iZupR/mMVr7JePjncDY7AJ1oYebcqbRn2GYRJ9NN/ic=", "daily_services": null, "rental_services": null, "outstation_services": null, "rating": "0.00", "status": "Active", "created_at": "2025-08-14T08:53:43.496Z", "is_deleted": false, "vehicle_rc": "", "vehicle_rc_status": "Pending", "license_document": "", "license_document_status": "Pending", "id_proof": "", "id_proof_status": "Pending"}}, {"model": "booking.booking", "pk": 1, "fields": {"user": 5, "driver": 2, "pickup_location": "Dwarka", "dropoff_location": "CBS", "pickup_latitude": null, "pickup_longitude": null, "drop_latitude": null, "drop_longitude": null, "scheduled_time": "2025-08-12T06:44:00.865Z", "status": "Completed", "fare": "131.00", "distance_km": null, "duration_min": null, "service_type": 1, "payment_mode": null, "is_immediate": false}}, {"model": "booking.booking", "pk": 2, "fields": {"user": 5, "driver": 2, "pickup_location": "Mumbai Naka", "dropoff_location": "Nashik Road", "pickup_latitude": null, "pickup_longitude": null, "drop_latitude": null, "drop_longitude": null, "scheduled_time": "2025-08-12T09:35:58.590Z", "status": "Completed", "fare": "267.00", "distance_km": null, "duration_min": null, "service_type": 1, "payment_mode": null, "is_immediate": false}}, {"model": "booking.booking", "pk": 3, "fields": {"user": 5, "driver": 2, "pickup_location": "CBS", "dropoff_location": "Mumbai Naka", "pickup_latitude": null, "pickup_longitude": null, "drop_latitude": null, "drop_longitude": null, "scheduled_time": "2025-08-12T09:54:26.899Z", "status": "Completed", "fare": "162.00", "distance_km": null, "duration_min": null, "service_type": 1, "payment_mode": null, "is_immediate": false}}, {"model": "booking.booking", "pk": 4, "fields": {"user": 5, "driver": 2, "pickup_location": "Dwarka", "dropoff_location": "CBS", "pickup_latitude": null, "pickup_longitude": null, "drop_latitude": null, "drop_longitude": null, "scheduled_time": "2025-08-12T10:07:27.585Z", "status": "Completed", "fare": "131.00", "distance_km": null, "duration_min": null, "service_type": 1, "payment_mode": null, "is_immediate": false}}, {"model": "booking.booking", "pk": 5, "fields": {"user": 5, "driver": 4, "pickup_location": "Dwarka", "dropoff_location": "CBS", "pickup_latitude": null, "pickup_longitude": null, "drop_latitude": null, "drop_longitude": null, "scheduled_time": "2025-08-12T10:17:09.380Z", "status": "Completed", "fare": "64.00", "distance_km": null, "duration_min": null, "service_type": 4, "payment_mode": null, "is_immediate": false}}, {"model": "booking.booking", "pk": 6, "fields": {"user": 5, "driver": 4, "pickup_location": "Dwarka", "dropoff_location": "CBS", "pickup_latitude": null, "pickup_longitude": null, "drop_latitude": null, "drop_longitude": null, "scheduled_time": "2025-08-12T10:28:52.984Z", "status": "Completed", "fare": "64.00", "distance_km": null, "duration_min": null, "service_type": 4, "payment_mode": null, "is_immediate": false}}, {"model": "booking.booking", "pk": 7, "fields": {"user": 5, "driver": 4, "pickup_location": "CBS", "dropoff_location": "Dwarka", "pickup_latitude": null, "pickup_longitude": null, "drop_latitude": null, "drop_longitude": null, "scheduled_time": "2025-08-12T10:42:24.345Z", "status": "Completed", "fare": "64.00", "distance_km": null, "duration_min": null, "service_type": 4, "payment_mode": null, "is_immediate": false}}, {"model": "booking.booking", "pk": 8, "fields": {"user": 5, "driver": 4, "pickup_location": "Dwarka", "dropoff_location": "CBS", "pickup_latitude": null, "pickup_longitude": null, "drop_latitude": null, "drop_longitude": null, "scheduled_time": "2025-08-12T10:53:16.785Z", "status": "Completed", "fare": "64.00", "distance_km": null, "duration_min": null, "service_type": 4, "payment_mode": null, "is_immediate": false}}, {"model": "booking.booking", "pk": 9, "fields": {"user": 5, "driver": 6, "pickup_location": "College Road", "dropoff_location": "Nashik Road", "pickup_latitude": null, "pickup_longitude": null, "drop_latitude": null, "drop_longitude": null, "scheduled_time": "2025-08-14T10:18:03.396Z", "status": "Completed", "fare": "340.00", "distance_km": null, "duration_min": null, "service_type": 2, "payment_mode": null, "is_immediate": false}}, {"model": "booking.booking", "pk": 10, "fields": {"user": 2, "driver": 5, "pickup_location": "CBS", "dropoff_location": "Dwarka", "pickup_latitude": null, "pickup_longitude": null, "drop_latitude": null, "drop_longitude": null, "scheduled_time": "2025-08-15T11:17:21.467Z", "status": "Completed", "fare": "227.00", "distance_km": null, "duration_min": null, "service_type": 6, "payment_mode": null, "is_immediate": false}}, {"model": "booking.booking", "pk": 11, "fields": {"user": 2, "driver": 5, "pickup_location": "College Road", "dropoff_location": "Nashik Road", "pickup_latitude": null, "pickup_longitude": null, "drop_latitude": null, "drop_longitude": null, "scheduled_time": "2025-08-15T13:50:11.068Z", "status": "Completed", "fare": "555.00", "distance_km": null, "duration_min": null, "service_type": 6, "payment_mode": "Credit Card", "is_immediate": false}}, {"model": "booking.booking", "pk": 12, "fields": {"user": 2, "driver": 5, "pickup_location": "Mumbai Naka", "dropoff_location": "Nashik Road", "pickup_latitude": null, "pickup_longitude": null, "drop_latitude": null, "drop_longitude": null, "scheduled_time": "2025-08-15T13:57:11.054Z", "status": "Completed", "fare": "331.00", "distance_km": null, "duration_min": null, "service_type": 6, "payment_mode": "UPI", "is_immediate": false}}, {"model": "booking.booking", "pk": 13, "fields": {"user": 2, "driver": 10, "pickup_location": "Dwarka", "dropoff_location": "CBS", "pickup_latitude": null, "pickup_longitude": null, "drop_latitude": null, "drop_longitude": null, "scheduled_time": "2025-08-16T14:11:07.027Z", "status": "Completed", "fare": "131.00", "distance_km": null, "duration_min": null, "service_type": 1, "payment_mode": "Cash", "is_immediate": false}}, {"model": "booking.booking", "pk": 14, "fields": {"user": 2, "driver": 10, "pickup_location": "CBS", "dropoff_location": "Dwarka", "pickup_latitude": null, "pickup_longitude": null, "drop_latitude": null, "drop_longitude": null, "scheduled_time": "2025-08-16T14:11:56.542Z", "status": "Completed", "fare": "131.00", "distance_km": null, "duration_min": null, "service_type": 1, "payment_mode": "Credit Card", "is_immediate": false}}, {"model": "booking.booking", "pk": 15, "fields": {"user": 2, "driver": 10, "pickup_location": "Dwarka", "dropoff_location": "CBS", "pickup_latitude": null, "pickup_longitude": null, "drop_latitude": null, "drop_longitude": null, "scheduled_time": "2025-08-16T14:12:39.826Z", "status": "Completed", "fare": "131.00", "distance_km": null, "duration_min": null, "service_type": 1, "payment_mode": "Debit Card", "is_immediate": false}}, {"model": "booking.booking", "pk": 16, "fields": {"user": 2, "driver": 10, "pickup_location": "CBS", "dropoff_location": "Dwarka", "pickup_latitude": null, "pickup_longitude": null, "drop_latitude": null, "drop_longitude": null, "scheduled_time": "2025-08-16T14:15:05.427Z", "status": "Completed", "fare": "131.00", "distance_km": null, "duration_min": null, "service_type": 1, "payment_mode": "UPI", "is_immediate": false}}, {"model": "booking.booking", "pk": 17, "fields": {"user": 2, "driver": 10, "pickup_location": "Dwarka", "dropoff_location": "CBS", "pickup_latitude": null, "pickup_longitude": null, "drop_latitude": null, "drop_longitude": null, "scheduled_time": "2025-08-16T14:15:47.227Z", "status": "Completed", "fare": "131.00", "distance_km": null, "duration_min": null, "service_type": 1, "payment_mode": "Wallet", "is_immediate": false}}, {"model": "booking.booking", "pk": 18, "fields": {"user": 2, "driver": 10, "pickup_location": "CBS", "dropoff_location": "Dwarka", "pickup_latitude": null, "pickup_longitude": null, "drop_latitude": null, "drop_longitude": null, "scheduled_time": "2025-08-16T14:16:38.875Z", "status": "Completed", "fare": "131.00", "distance_km": null, "duration_min": null, "service_type": 1, "payment_mode": "Netbanking", "is_immediate": false}}, {"model": "booking.booking", "pk": 19, "fields": {"user": 4, "driver": 4, "pickup_location": "Mumbai Naka", "dropoff_location": "Nashik Road", "pickup_latitude": null, "pickup_longitude": null, "drop_latitude": null, "drop_longitude": null, "scheduled_time": "2025-08-18T09:09:08.857Z", "status": "Completed", "fare": "147.00", "distance_km": null, "duration_min": null, "service_type": 4, "payment_mode": "UPI", "is_immediate": false}}, {"model": "booking.booking", "pk": 20, "fields": {"user": 4, "driver": 4, "pickup_location": "Mumbai Naka", "dropoff_location": "Nashik Road", "pickup_latitude": null, "pickup_longitude": null, "drop_latitude": null, "drop_longitude": null, "scheduled_time": "2025-08-15T09:10:00Z", "status": "Completed", "fare": "147.00", "distance_km": null, "duration_min": null, "service_type": 4, "payment_mode": "Cash", "is_immediate": false}}, {"model": "booking.booking", "pk": 21, "fields": {"user": 4, "driver": 4, "pickup_location": "College Road", "dropoff_location": "Nashik Road", "pickup_latitude": null, "pickup_longitude": null, "drop_latitude": null, "drop_longitude": null, "scheduled_time": "2025-08-17T09:30:00Z", "status": "Completed", "fare": "210.00", "distance_km": null, "duration_min": null, "service_type": 4, "payment_mode": "Cash", "is_immediate": false}}, {"model": "booking.booking", "pk": 22, "fields": {"user": 2, "driver": 4, "pickup_location": "Dwarka", "dropoff_location": "CBS", "pickup_latitude": null, "pickup_longitude": null, "drop_latitude": null, "drop_longitude": null, "scheduled_time": "2025-08-20T11:34:49.021Z", "status": "Completed", "fare": "64.00", "distance_km": null, "duration_min": null, "service_type": 4, "payment_mode": "Cash", "is_immediate": false}}, {"model": "booking.booking", "pk": 23, "fields": {"user": 2, "driver": 5, "pickup_location": "Dwarka", "dropoff_location": "CBS", "pickup_latitude": null, "pickup_longitude": null, "drop_latitude": null, "drop_longitude": null, "scheduled_time": "2025-08-25T09:00:00Z", "status": "Completed", "fare": "170.25", "distance_km": null, "duration_min": null, "service_type": 6, "payment_mode": "Wallet", "is_immediate": false}}, {"model": "booking.booking", "pk": 24, "fields": {"user": 2, "driver": 5, "pickup_location": "Dwarka", "dropoff_location": "CBS", "pickup_latitude": null, "pickup_longitude": null, "drop_latitude": null, "drop_longitude": null, "scheduled_time": "2025-08-25T10:07:28.852Z", "status": "Completed", "fare": "227.00", "distance_km": null, "duration_min": null, "service_type": 6, "payment_mode": "Cash", "is_immediate": false}}, {"model": "booking.riderequest", "pk": 1, "fields": {"driver": null, "booking": null, "user": 5, "pickup_location": "Dwarka", "dropoff_location": "CBS", "pickup_latitude": "0.000000", "pickup_longitude": "0.000000", "drop_latitude": "0.000000", "drop_longitude": "0.000000", "scheduled_time": "2025-08-11T10:10:47.569Z", "fare": "131.00", "service_type": 1, "status": "Rejected", "payment_mode": null, "created_at": "2025-08-11T10:10:47.570Z"}}, {"model": "booking.riderequest", "pk": 2, "fields": {"driver": null, "booking": null, "user": 5, "pickup_location": "Dwarka", "dropoff_location": "CBS", "pickup_latitude": "0.000000", "pickup_longitude": "0.000000", "drop_latitude": "0.000000", "drop_longitude": "0.000000", "scheduled_time": "2025-08-11T10:13:18.508Z", "fare": "131.00", "service_type": 1, "status": "Rejected", "payment_mode": null, "created_at": "2025-08-11T10:13:18.509Z"}}, {"model": "booking.riderequest", "pk": 3, "fields": {"driver": null, "booking": null, "user": 5, "pickup_location": "Dwarka", "dropoff_location": "CBS", "pickup_latitude": "0.000000", "pickup_longitude": "0.000000", "drop_latitude": "0.000000", "drop_longitude": "0.000000", "scheduled_time": "2025-08-11T10:15:38.553Z", "fare": "131.00", "service_type": 1, "status": "Rejected", "payment_mode": null, "created_at": "2025-08-11T10:15:38.553Z"}}, {"model": "booking.riderequest", "pk": 4, "fields": {"driver": null, "booking": null, "user": 5, "pickup_location": "Dwarka", "dropoff_location": "CBS", "pickup_latitude": "0.000000", "pickup_longitude": "0.000000", "drop_latitude": "0.000000", "drop_longitude": "0.000000", "scheduled_time": "2025-08-11T10:16:58.168Z", "fare": "131.00", "service_type": 1, "status": "Rejected", "payment_mode": null, "created_at": "2025-08-11T10:16:58.169Z"}}, {"model": "booking.riderequest", "pk": 5, "fields": {"driver": null, "booking": null, "user": 5, "pickup_location": "Dwarka", "dropoff_location": "CBS", "pickup_latitude": "0.000000", "pickup_longitude": "0.000000", "drop_latitude": "0.000000", "drop_longitude": "0.000000", "scheduled_time": "2025-08-11T10:17:15.414Z", "fare": "131.00", "service_type": 1, "status": "Rejected", "payment_mode": null, "created_at": "2025-08-11T10:17:15.415Z"}}, {"model": "booking.riderequest", "pk": 6, "fields": {"driver": null, "booking": null, "user": 5, "pickup_location": "Dwarka", "dropoff_location": "CBS", "pickup_latitude": "0.000000", "pickup_longitude": "0.000000", "drop_latitude": "0.000000", "drop_longitude": "0.000000", "scheduled_time": "2025-08-11T11:00:32.673Z", "fare": "131.00", "service_type": 1, "status": "Rejected", "payment_mode": null, "created_at": "2025-08-11T11:00:32.674Z"}}, {"model": "booking.riderequest", "pk": 7, "fields": {"driver": null, "booking": null, "user": 5, "pickup_location": "Dwarka", "dropoff_location": "CBS", "pickup_latitude": "0.000000", "pickup_longitude": "0.000000", "drop_latitude": "0.000000", "drop_longitude": "0.000000", "scheduled_time": "2025-08-11T11:05:00.813Z", "fare": "131.00", "service_type": 1, "status": "Rejected", "payment_mode": null, "created_at": "2025-08-11T11:05:00.814Z"}}, {"model": "booking.riderequest", "pk": 8, "fields": {"driver": null, "booking": null, "user": 5, "pickup_location": "Dwarka", "dropoff_location": "CBS", "pickup_latitude": "0.000000", "pickup_longitude": "0.000000", "drop_latitude": "0.000000", "drop_longitude": "0.000000", "scheduled_time": "2025-08-11T11:14:41.577Z", "fare": "131.00", "service_type": 1, "status": "Rejected", "payment_mode": null, "created_at": "2025-08-11T11:14:41.578Z"}}, {"model": "booking.riderequest", "pk": 9, "fields": {"driver": null, "booking": 1, "user": 5, "pickup_location": "Dwarka", "dropoff_location": "CBS", "pickup_latitude": "0.000000", "pickup_longitude": "0.000000", "drop_latitude": "0.000000", "drop_longitude": "0.000000", "scheduled_time": "2025-08-12T06:44:00.865Z", "fare": "131.00", "service_type": 1, "status": "Accepted", "payment_mode": null, "created_at": "2025-08-12T06:44:00.865Z"}}, {"model": "booking.riderequest", "pk": 10, "fields": {"driver": null, "booking": null, "user": 5, "pickup_location": "Mumbai Naka", "dropoff_location": "Nashik Road", "pickup_latitude": "0.000000", "pickup_longitude": "0.000000", "drop_latitude": "0.000000", "drop_longitude": "0.000000", "scheduled_time": "2025-08-12T09:05:47.016Z", "fare": "267.00", "service_type": 1, "status": "Rejected", "payment_mode": null, "created_at": "2025-08-12T09:05:47.017Z"}}, {"model": "booking.riderequest", "pk": 11, "fields": {"driver": null, "booking": null, "user": 5, "pickup_location": "Mumbai Naka", "dropoff_location": "Nashik Road", "pickup_latitude": "0.000000", "pickup_longitude": "0.000000", "drop_latitude": "0.000000", "drop_longitude": "0.000000", "scheduled_time": "2025-08-12T09:21:27.367Z", "fare": "267.00", "service_type": 1, "status": "Rejected", "payment_mode": null, "created_at": "2025-08-12T09:21:27.368Z"}}, {"model": "booking.riderequest", "pk": 12, "fields": {"driver": null, "booking": 2, "user": 5, "pickup_location": "Mumbai Naka", "dropoff_location": "Nashik Road", "pickup_latitude": "0.000000", "pickup_longitude": "0.000000", "drop_latitude": "0.000000", "drop_longitude": "0.000000", "scheduled_time": "2025-08-12T09:35:58.590Z", "fare": "267.00", "service_type": 1, "status": "Accepted", "payment_mode": null, "created_at": "2025-08-12T09:35:58.591Z"}}, {"model": "booking.riderequest", "pk": 13, "fields": {"driver": null, "booking": 3, "user": 5, "pickup_location": "CBS", "dropoff_location": "Mumbai Naka", "pickup_latitude": "0.000000", "pickup_longitude": "0.000000", "drop_latitude": "0.000000", "drop_longitude": "0.000000", "scheduled_time": "2025-08-12T09:54:26.899Z", "fare": "162.00", "service_type": 1, "status": "Accepted", "payment_mode": null, "created_at": "2025-08-12T09:54:26.900Z"}}, {"model": "booking.riderequest", "pk": 14, "fields": {"driver": null, "booking": 4, "user": 5, "pickup_location": "Dwarka", "dropoff_location": "CBS", "pickup_latitude": "0.000000", "pickup_longitude": "0.000000", "drop_latitude": "0.000000", "drop_longitude": "0.000000", "scheduled_time": "2025-08-12T10:07:27.585Z", "fare": "131.00", "service_type": 1, "status": "Accepted", "payment_mode": null, "created_at": "2025-08-12T10:07:27.586Z"}}, {"model": "booking.riderequest", "pk": 15, "fields": {"driver": null, "booking": 5, "user": 5, "pickup_location": "Dwarka", "dropoff_location": "CBS", "pickup_latitude": "0.000000", "pickup_longitude": "0.000000", "drop_latitude": "0.000000", "drop_longitude": "0.000000", "scheduled_time": "2025-08-12T10:17:09.380Z", "fare": "64.00", "service_type": 4, "status": "Accepted", "payment_mode": null, "created_at": "2025-08-12T10:17:09.381Z"}}, {"model": "booking.riderequest", "pk": 16, "fields": {"driver": null, "booking": 6, "user": 5, "pickup_location": "Dwarka", "dropoff_location": "CBS", "pickup_latitude": "0.000000", "pickup_longitude": "0.000000", "drop_latitude": "0.000000", "drop_longitude": "0.000000", "scheduled_time": "2025-08-12T10:28:52.984Z", "fare": "64.00", "service_type": 4, "status": "Confirmed", "payment_mode": null, "created_at": "2025-08-12T10:28:52.985Z"}}, {"model": "booking.riderequest", "pk": 17, "fields": {"driver": null, "booking": 7, "user": 5, "pickup_location": "CBS", "dropoff_location": "Dwarka", "pickup_latitude": "0.000000", "pickup_longitude": "0.000000", "drop_latitude": "0.000000", "drop_longitude": "0.000000", "scheduled_time": "2025-08-12T10:42:24.345Z", "fare": "64.00", "service_type": 4, "status": "Confirmed", "payment_mode": null, "created_at": "2025-08-12T10:42:24.346Z"}}, {"model": "booking.riderequest", "pk": 18, "fields": {"driver": null, "booking": 8, "user": 5, "pickup_location": "Dwarka", "dropoff_location": "CBS", "pickup_latitude": "0.000000", "pickup_longitude": "0.000000", "drop_latitude": "0.000000", "drop_longitude": "0.000000", "scheduled_time": "2025-08-12T10:53:16.785Z", "fare": "64.00", "service_type": 4, "status": "Confirmed", "payment_mode": null, "created_at": "2025-08-12T10:53:16.786Z"}}, {"model": "booking.riderequest", "pk": 19, "fields": {"driver": null, "booking": null, "user": 3, "pickup_location": "CBS", "dropoff_location": "Dwarka", "pickup_latitude": "0.000000", "pickup_longitude": "0.000000", "drop_latitude": "0.000000", "drop_longitude": "0.000000", "scheduled_time": "2025-08-14T07:39:59.811Z", "fare": "163.00", "service_type": 2, "status": "Rejected", "payment_mode": null, "created_at": "2025-08-14T07:39:59.813Z"}}, {"model": "booking.riderequest", "pk": 20, "fields": {"driver": null, "booking": null, "user": 6, "pickup_location": "CBS", "dropoff_location": "Dwarka", "pickup_latitude": "0.000000", "pickup_longitude": "0.000000", "drop_latitude": "0.000000", "drop_longitude": "0.000000", "scheduled_time": "2025-08-14T08:17:33.065Z", "fare": "113.00", "service_type": 2, "status": "Rejected", "payment_mode": null, "created_at": "2025-08-14T08:17:33.067Z"}}, {"model": "booking.riderequest", "pk": 21, "fields": {"driver": null, "booking": 9, "user": 5, "pickup_location": "College Road", "dropoff_location": "Nashik Road", "pickup_latitude": "0.000000", "pickup_longitude": "0.000000", "drop_latitude": "0.000000", "drop_longitude": "0.000000", "scheduled_time": "2025-08-14T10:18:03.396Z", "fare": "340.00", "service_type": 2, "status": "Confirmed", "payment_mode": null, "created_at": "2025-08-14T10:18:03.397Z"}}, {"model": "booking.riderequest", "pk": 22, "fields": {"driver": null, "booking": 10, "user": 2, "pickup_location": "CBS", "dropoff_location": "Dwarka", "pickup_latitude": "0.000000", "pickup_longitude": "0.000000", "drop_latitude": "0.000000", "drop_longitude": "0.000000", "scheduled_time": "2025-08-15T11:17:21.467Z", "fare": "227.00", "service_type": 6, "status": "Confirmed", "payment_mode": "Cash", "created_at": "2025-08-15T11:17:21.468Z"}}, {"model": "booking.riderequest", "pk": 23, "fields": {"driver": null, "booking": 11, "user": 2, "pickup_location": "College Road", "dropoff_location": "Nashik Road", "pickup_latitude": "0.000000", "pickup_longitude": "0.000000", "drop_latitude": "0.000000", "drop_longitude": "0.000000", "scheduled_time": "2025-08-15T13:50:11.068Z", "fare": "555.00", "service_type": 6, "status": "Confirmed", "payment_mode": "Credit Card", "created_at": "2025-08-15T13:50:11.069Z"}}, {"model": "booking.riderequest", "pk": 24, "fields": {"driver": null, "booking": 12, "user": 2, "pickup_location": "Mumbai Naka", "dropoff_location": "Nashik Road", "pickup_latitude": "0.000000", "pickup_longitude": "0.000000", "drop_latitude": "0.000000", "drop_longitude": "0.000000", "scheduled_time": "2025-08-15T13:57:11.054Z", "fare": "331.00", "service_type": 6, "status": "Confirmed", "payment_mode": "UPI", "created_at": "2025-08-15T13:57:11.055Z"}}, {"model": "booking.riderequest", "pk": 25, "fields": {"driver": null, "booking": 13, "user": 2, "pickup_location": "Dwarka", "dropoff_location": "CBS", "pickup_latitude": "0.000000", "pickup_longitude": "0.000000", "drop_latitude": "0.000000", "drop_longitude": "0.000000", "scheduled_time": "2025-08-16T14:11:07.027Z", "fare": "131.00", "service_type": 1, "status": "Confirmed", "payment_mode": "Cash", "created_at": "2025-08-16T14:11:07.028Z"}}, {"model": "booking.riderequest", "pk": 26, "fields": {"driver": null, "booking": 14, "user": 2, "pickup_location": "CBS", "dropoff_location": "Dwarka", "pickup_latitude": "0.000000", "pickup_longitude": "0.000000", "drop_latitude": "0.000000", "drop_longitude": "0.000000", "scheduled_time": "2025-08-16T14:11:56.542Z", "fare": "131.00", "service_type": 1, "status": "Confirmed", "payment_mode": "Credit Card", "created_at": "2025-08-16T14:11:56.543Z"}}, {"model": "booking.riderequest", "pk": 27, "fields": {"driver": null, "booking": 15, "user": 2, "pickup_location": "Dwarka", "dropoff_location": "CBS", "pickup_latitude": "0.000000", "pickup_longitude": "0.000000", "drop_latitude": "0.000000", "drop_longitude": "0.000000", "scheduled_time": "2025-08-16T14:12:39.826Z", "fare": "131.00", "service_type": 1, "status": "Confirmed", "payment_mode": "Debit Card", "created_at": "2025-08-16T14:12:39.826Z"}}, {"model": "booking.riderequest", "pk": 28, "fields": {"driver": null, "booking": 16, "user": 2, "pickup_location": "CBS", "dropoff_location": "Dwarka", "pickup_latitude": "0.000000", "pickup_longitude": "0.000000", "drop_latitude": "0.000000", "drop_longitude": "0.000000", "scheduled_time": "2025-08-16T14:15:05.427Z", "fare": "131.00", "service_type": 1, "status": "Confirmed", "payment_mode": "UPI", "created_at": "2025-08-16T14:15:05.427Z"}}, {"model": "booking.riderequest", "pk": 29, "fields": {"driver": null, "booking": 17, "user": 2, "pickup_location": "Dwarka", "dropoff_location": "CBS", "pickup_latitude": "0.000000", "pickup_longitude": "0.000000", "drop_latitude": "0.000000", "drop_longitude": "0.000000", "scheduled_time": "2025-08-16T14:15:47.227Z", "fare": "131.00", "service_type": 1, "status": "Confirmed", "payment_mode": "Wallet", "created_at": "2025-08-16T14:15:47.227Z"}}, {"model": "booking.riderequest", "pk": 30, "fields": {"driver": null, "booking": 18, "user": 2, "pickup_location": "CBS", "dropoff_location": "Dwarka", "pickup_latitude": "0.000000", "pickup_longitude": "0.000000", "drop_latitude": "0.000000", "drop_longitude": "0.000000", "scheduled_time": "2025-08-16T14:16:38.875Z", "fare": "131.00", "service_type": 1, "status": "Confirmed", "payment_mode": "Netbanking", "created_at": "2025-08-16T14:16:38.875Z"}}, {"model": "booking.riderequest", "pk": 31, "fields": {"driver": null, "booking": 19, "user": 4, "pickup_location": "Mumbai Naka", "dropoff_location": "Nashik Road", "pickup_latitude": "0.000000", "pickup_longitude": "0.000000", "drop_latitude": "0.000000", "drop_longitude": "0.000000", "scheduled_time": "2025-08-18T09:09:08.857Z", "fare": "147.00", "service_type": 4, "status": "Confirmed", "payment_mode": "UPI", "created_at": "2025-08-18T09:09:08.858Z"}}, {"model": "booking.riderequest", "pk": 32, "fields": {"driver": null, "booking": 20, "user": 4, "pickup_location": "Mumbai Naka", "dropoff_location": "Nashik Road", "pickup_latitude": "0.000000", "pickup_longitude": "0.000000", "drop_latitude": "0.000000", "drop_longitude": "0.000000", "scheduled_time": "2025-08-15T09:10:00Z", "fare": "147.00", "service_type": 4, "status": "Confirmed", "payment_mode": "Cash", "created_at": "2025-08-18T09:10:22.750Z"}}, {"model": "booking.riderequest", "pk": 33, "fields": {"driver": null, "booking": 21, "user": 4, "pickup_location": "College Road", "dropoff_location": "Nashik Road", "pickup_latitude": "0.000000", "pickup_longitude": "0.000000", "drop_latitude": "0.000000", "drop_longitude": "0.000000", "scheduled_time": "2025-08-17T09:30:00Z", "fare": "210.00", "service_type": 4, "status": "Confirmed", "payment_mode": "Cash", "created_at": "2025-08-18T09:30:04.650Z"}}, {"model": "booking.riderequest", "pk": 34, "fields": {"driver": null, "booking": 22, "user": 2, "pickup_location": "Dwarka", "dropoff_location": "CBS", "pickup_latitude": "0.000000", "pickup_longitude": "0.000000", "drop_latitude": "0.000000", "drop_longitude": "0.000000", "scheduled_time": "2025-08-20T11:34:49.021Z", "fare": "64.00", "service_type": 4, "status": "Confirmed", "payment_mode": "Cash", "created_at": "2025-08-20T11:34:49.021Z"}}, {"model": "booking.riderequest", "pk": 35, "fields": {"driver": null, "booking": 23, "user": 2, "pickup_location": "Dwarka", "dropoff_location": "CBS", "pickup_latitude": "0.000000", "pickup_longitude": "0.000000", "drop_latitude": "0.000000", "drop_longitude": "0.000000", "scheduled_time": "2025-08-25T09:00:00Z", "fare": "170.25", "service_type": 6, "status": "Confirmed", "payment_mode": "Wallet", "created_at": "2025-08-25T08:48:38.358Z"}}, {"model": "booking.riderequest", "pk": 36, "fields": {"driver": null, "booking": 24, "user": 2, "pickup_location": "Dwarka", "dropoff_location": "CBS", "pickup_latitude": "0.000000", "pickup_longitude": "0.000000", "drop_latitude": "0.000000", "drop_longitude": "0.000000", "scheduled_time": "2025-08-25T10:07:28.852Z", "fare": "227.00", "service_type": 6, "status": "Confirmed", "payment_mode": "Cash", "created_at": "2025-08-25T10:07:28.852Z"}}, {"model": "vehicle.vehicle", "pk": 1, "fields": {"driver_id": null, "manufacturer": "Toyota", "model_name": "Altis", "color": "White", "manufacturing_year": 2017, "seat_arrangement": 4}}, {"model": "vehicle.vehicle", "pk": 2, "fields": {"driver_id": null, "manufacturer": "Maruti Suzuki", "model_name": "Swift", "color": "Black", "manufacturing_year": 2018, "seat_arrangement": 4}}, {"model": "vehicle.vehicle", "pk": 3, "fields": {"driver_id": null, "manufacturer": "Bajaj", "model_name": "Auto", "color": "Yellow", "manufacturing_year": 2019, "seat_arrangement": 3}}, {"model": "vehicle.vehicle", "pk": 4, "fields": {"driver_id": null, "manufacturer": "Mahindra", "model_name": "Scorpio", "color": "Silver", "manufacturing_year": 2020, "seat_arrangement": 6}}, {"model": "vehicle.vehicle", "pk": 5, "fields": {"driver_id": null, "manufacturer": "TVS", "model_name": "Apache", "color": "Blue", "manufacturing_year": 2016, "seat_arrangement": 1}}, {"model": "payments.payment", "pk": 1, "fields": {"user": 2, "booking": 11, "payment_mode": "Credit Card", "amount": "555.00", "created_at": "2025-08-18T09:40:36.929Z", "paid_at": "2025-08-15T13:50:31.725Z", "status": "completed"}}, {"model": "payments.payment", "pk": 2, "fields": {"user": 2, "booking": 12, "payment_mode": "UPI", "amount": "331.00", "created_at": "2025-08-18T09:40:36.929Z", "paid_at": "2025-08-15T13:57:29.306Z", "status": "completed"}}, {"model": "payments.payment", "pk": 3, "fields": {"user": 2, "booking": 13, "payment_mode": "Cash", "amount": "131.00", "created_at": "2025-08-18T09:40:36.929Z", "paid_at": "2025-08-16T14:11:16.721Z", "status": "completed"}}, {"model": "payments.payment", "pk": 4, "fields": {"user": 2, "booking": 14, "payment_mode": "Credit Card", "amount": "131.00", "created_at": "2025-08-18T09:40:36.929Z", "paid_at": "2025-08-16T14:12:06.865Z", "status": "completed"}}, {"model": "payments.payment", "pk": 5, "fields": {"user": 2, "booking": 15, "payment_mode": "Debit Card", "amount": "131.00", "created_at": "2025-08-18T09:40:36.929Z", "paid_at": "2025-08-16T14:12:49.098Z", "status": "completed"}}, {"model": "payments.payment", "pk": 6, "fields": {"user": 2, "booking": 16, "payment_mode": "UPI", "amount": "131.00", "created_at": "2025-08-18T09:40:36.929Z", "paid_at": "2025-08-16T14:15:15.853Z", "status": "completed"}}, {"model": "payments.payment", "pk": 7, "fields": {"user": 2, "booking": 17, "payment_mode": "Wallet", "amount": "131.00", "created_at": "2025-08-18T09:40:36.929Z", "paid_at": "2025-08-16T14:16:11.675Z", "status": "completed"}}, {"model": "payments.payment", "pk": 8, "fields": {"user": 2, "booking": 18, "payment_mode": "Netbanking", "amount": "131.00", "created_at": "2025-08-18T09:40:36.929Z", "paid_at": "2025-08-16T14:16:51.450Z", "status": "completed"}}, {"model": "payments.payment", "pk": 9, "fields": {"user": 4, "booking": 19, "payment_mode": "UPI", "amount": "147.00", "created_at": "2025-08-18T09:40:36.929Z", "paid_at": "2025-08-17T09:09:22.017Z", "status": "completed"}}, {"model": "payments.payment", "pk": 10, "fields": {"user": 4, "booking": 20, "payment_mode": "Cash", "amount": "147.00", "created_at": "2025-08-18T09:40:36.929Z", "paid_at": "2025-08-18T09:10:38.297Z", "status": "completed"}}, {"model": "payments.payment", "pk": 11, "fields": {"user": 4, "booking": 21, "payment_mode": "Cash", "amount": "210.00", "created_at": "2025-08-18T09:40:36.929Z", "paid_at": "2025-08-18T09:40:36.929Z", "status": "completed"}}, {"model": "payments.payment", "pk": 12, "fields": {"user": 2, "booking": 22, "payment_mode": "Cash", "amount": "64.00", "created_at": "2025-08-20T11:35:51.554Z", "paid_at": "2025-08-20T11:35:51.554Z", "status": "completed"}}, {"model": "payments.payment", "pk": 13, "fields": {"user": 2, "booking": 23, "payment_mode": "Wallet", "amount": "170.25", "created_at": "2025-08-25T09:09:01.183Z", "paid_at": "2025-08-25T09:09:01.183Z", "status": "completed"}}, {"model": "payments.payment", "pk": 14, "fields": {"user": 2, "booking": 24, "payment_mode": "Cash", "amount": "227.00", "created_at": "2025-08-25T10:08:24.720Z", "paid_at": "2025-08-25T10:08:24.720Z", "status": "completed"}}, {"model": "services.servicetype", "pk": 1, "fields": {"name": "Hatchback", "number_of_seats": 4, "base_fare": "50.00", "min_fare": "100.00", "booking_fee": "10.00", "tax_percentage": "5.00", "price_per_minute": "2.00", "price_per_km": "12.00", "mileage": true, "daily_service": true, "rental_service": true, "outstation_service": true, "provider_commission": "80.00", "admin_commission": "20.00", "driver_cash_limit": "2000.00", "picture": null, "created_at": null, "status": "active"}}, {"model": "services.servicetype", "pk": 2, "fields": {"name": "Sedan", "number_of_seats": 4, "base_fare": "70.00", "min_fare": "120.00", "booking_fee": "5.00", "tax_percentage": "5.00", "price_per_minute": "2.50", "price_per_km": "15.00", "mileage": true, "daily_service": true, "rental_service": true, "outstation_service": true, "provider_commission": "80.00", "admin_commission": "20.00", "driver_cash_limit": "2500.00", "picture": null, "created_at": null, "status": "active"}}, {"model": "services.servicetype", "pk": 3, "fields": {"name": "Auto", "number_of_seats": 3, "base_fare": "30.00", "min_fare": "60.00", "booking_fee": "5.00", "tax_percentage": "5.00", "price_per_minute": "1.00", "price_per_km": "10.00", "mileage": true, "daily_service": true, "rental_service": true, "outstation_service": false, "provider_commission": "80.00", "admin_commission": "20.00", "driver_cash_limit": "1000.00", "picture": null, "created_at": null, "status": "active"}}, {"model": "services.servicetype", "pk": 4, "fields": {"name": "Bike", "number_of_seats": 1, "base_fare": "20.00", "min_fare": "40.00", "booking_fee": "2.00", "tax_percentage": "5.00", "price_per_minute": "0.80", "price_per_km": "8.00", "mileage": true, "daily_service": true, "rental_service": true, "outstation_service": false, "provider_commission": "80.00", "admin_commission": "20.00", "driver_cash_limit": "500.00", "picture": null, "created_at": null, "status": "active"}}, {"model": "services.servicetype", "pk": 6, "fields": {"name": "Suv", "number_of_seats": 6, "base_fare": "100.00", "min_fare": "200.00", "booking_fee": "20.00", "tax_percentage": "5.00", "price_per_minute": "3.00", "price_per_km": "18.00", "mileage": true, "daily_service": true, "rental_service": true, "outstation_service": true, "provider_commission": "80.00", "admin_commission": "20.00", "driver_cash_limit": "3000.00", "picture": null, "created_at": null, "status": "active"}}, {"model": "services.rentalpackage", "pk": 1, "fields": {"distance_km": "10.00", "time_hours": "1.00"}}, {"model": "services.rentalpackage", "pk": 2, "fields": {"distance_km": "20.00", "time_hours": "2.00"}}, {"model": "services.rentalpackage", "pk": 3, "fields": {"distance_km": "30.00", "time_hours": "3.00"}}, {"model": "services.rentalpackage", "pk": 4, "fields": {"distance_km": "40.00", "time_hours": "4.00"}}, {"model": "services.rentalpackage", "pk": 5, "fields": {"distance_km": "50.00", "time_hours": "5.00"}}, {"model": "services.rentalservice", "pk": 1, "fields": {"service_type": 4, "package": 1, "base_fare": "150.00", "booking_fee": "5.00", "per_km_rate": "6.00", "per_minute_rate": "0.80"}}, {"model": "services.rentalservice", "pk": 2, "fields": {"service_type": 3, "package": 2, "base_fare": "200.00", "booking_fee": "10.00", "per_km_rate": "8.00", "per_minute_rate": "1.00"}}, {"model": "services.rentalservice", "pk": 3, "fields": {"service_type": 1, "package": 3, "base_fare": "400.00", "booking_fee": "25.00", "per_km_rate": "10.00", "per_minute_rate": "2.00"}}, {"model": "services.rentalservice", "pk": 4, "fields": {"service_type": 2, "package": 4, "base_fare": "500.00", "booking_fee": "30.00", "per_km_rate": "12.00", "per_minute_rate": "2.50"}}, {"model": "services.rentalservice", "pk": 5, "fields": {"service_type": 6, "package": 5, "base_fare": "800.00", "booking_fee": "40.00", "per_km_rate": "15.00", "per_minute_rate": "3.00"}}, {"model": "services.fareslab", "pk": 1, "fields": {"service_type": 1, "km_from": "0.00", "km_to": "5.00", "base_fare": "50.00", "rate_per_km": "12.00", "rate_per_minute": "2.00"}}, {"model": "services.fareslab", "pk": 2, "fields": {"service_type": 1, "km_from": "5.01", "km_to": "10.00", "base_fare": "45.00", "rate_per_km": "12.50", "rate_per_minute": "2.00"}}, {"model": "services.fareslab", "pk": 3, "fields": {"service_type": 1, "km_from": "10.01", "km_to": "15.00", "base_fare": "40.00", "rate_per_km": "13.00", "rate_per_minute": "2.00"}}, {"model": "services.fareslab", "pk": 4, "fields": {"service_type": 1, "km_from": "15.01", "km_to": "20.00", "base_fare": "50.00", "rate_per_km": "13.50", "rate_per_minute": "2.00"}}, {"model": "services.fareslab", "pk": 5, "fields": {"service_type": 2, "km_from": "0.00", "km_to": "5.00", "base_fare": "70.00", "rate_per_km": "15.00", "rate_per_minute": "2.50"}}, {"model": "services.fareslab", "pk": 6, "fields": {"service_type": 2, "km_from": "5.01", "km_to": "10.00", "base_fare": "65.00", "rate_per_km": "15.50", "rate_per_minute": "2.50"}}, {"model": "services.fareslab", "pk": 7, "fields": {"service_type": 2, "km_from": "10.01", "km_to": "15.00", "base_fare": "60.00", "rate_per_km": "16.00", "rate_per_minute": "2.50"}}, {"model": "services.fareslab", "pk": 8, "fields": {"service_type": 2, "km_from": "15.01", "km_to": "20.00", "base_fare": "70.00", "rate_per_km": "16.50", "rate_per_minute": "2.50"}}, {"model": "services.fareslab", "pk": 9, "fields": {"service_type": 3, "km_from": "0.00", "km_to": "5.00", "base_fare": "30.00", "rate_per_km": "10.00", "rate_per_minute": "1.00"}}, {"model": "services.fareslab", "pk": 10, "fields": {"service_type": 3, "km_from": "5.01", "km_to": "10.00", "base_fare": "25.00", "rate_per_km": "10.50", "rate_per_minute": "1.00"}}, {"model": "services.fareslab", "pk": 11, "fields": {"service_type": 3, "km_from": "10.01", "km_to": "15.00", "base_fare": "20.00", "rate_per_km": "11.00", "rate_per_minute": "1.00"}}, {"model": "services.fareslab", "pk": 12, "fields": {"service_type": 3, "km_from": "15.01", "km_to": "20.00", "base_fare": "30.00", "rate_per_km": "11.50", "rate_per_minute": "1.00"}}, {"model": "services.fareslab", "pk": 13, "fields": {"service_type": 4, "km_from": "0.00", "km_to": "5.00", "base_fare": "20.00", "rate_per_km": "8.00", "rate_per_minute": "0.80"}}, {"model": "services.fareslab", "pk": 14, "fields": {"service_type": 4, "km_from": "5.01", "km_to": "10.00", "base_fare": "15.00", "rate_per_km": "8.50", "rate_per_minute": "0.80"}}, {"model": "services.fareslab", "pk": 15, "fields": {"service_type": 4, "km_from": "10.01", "km_to": "15.00", "base_fare": "10.00", "rate_per_km": "9.00", "rate_per_minute": "0.80"}}, {"model": "services.fareslab", "pk": 16, "fields": {"service_type": 4, "km_from": "15.01", "km_to": "20.00", "base_fare": "20.00", "rate_per_km": "9.50", "rate_per_minute": "0.80"}}, {"model": "services.fareslab", "pk": 17, "fields": {"service_type": 6, "km_from": "0.00", "km_to": "5.00", "base_fare": "100.00", "rate_per_km": "18.00", "rate_per_minute": "3.00"}}, {"model": "services.fareslab", "pk": 18, "fields": {"service_type": 6, "km_from": "5.01", "km_to": "10.00", "base_fare": "95.00", "rate_per_km": "18.50", "rate_per_minute": "3.00"}}, {"model": "services.fareslab", "pk": 19, "fields": {"service_type": 6, "km_from": "10.01", "km_to": "15.00", "base_fare": "90.00", "rate_per_km": "19.00", "rate_per_minute": "3.00"}}, {"model": "services.fareslab", "pk": 20, "fields": {"service_type": 6, "km_from": "15.01", "km_to": "20.00", "base_fare": "100.00", "rate_per_km": "19.50", "rate_per_minute": "3.00"}}, {"model": "promo.promocode", "pk": 1, "fields": {"code": "PROMO2025", "discount_amount": "100.00", "percentage_value": "25.00", "start_time": "2025-08-01T10:48:00Z", "expiry_time": "2025-08-31T10:48:00Z", "description": "Flat 25% OFF up to Rs.100 on all rides", "max_usage": 1000, "max_usage_per_user": 1, "type": "Percent"}}, {"model": "promo.promocode", "pk": 2, "fields": {"code": "FLAT50", "discount_amount": "50.00", "percentage_value": null, "start_time": "2025-08-01T10:38:00Z", "expiry_time": "2025-09-15T10:39:00Z", "description": "Flat 50 Rupees OFF on all rides.", "max_usage": 500, "max_usage_per_user": 3, "type": "Flat"}}, {"model": "promo.promocode", "pk": 3, "fields": {"code": "SAVE50", "discount_amount": "100.00", "percentage_value": "50.00", "start_time": "2025-08-13T08:28:00Z", "expiry_time": "2025-09-01T08:28:00Z", "description": "Get 50% OFF on all rides up to 100 Rupees.", "max_usage": 100, "max_usage_per_user": 1, "type": "Percent"}}, {"model": "rating.rating", "pk": 1, "fields": {"booking": 8, "User": 5, "driver": 4, "rating": 4, "comments": "The Ride was Good", "given_by": "user", "created_at": "2025-08-13T11:15:37.968Z"}}, {"model": "rating.rating", "pk": 2, "fields": {"booking": 18, "User": 2, "driver": 10, "rating": 4, "comments": "The Driver was Polite.", "given_by": "user", "created_at": "2025-08-18T10:46:09.404Z"}}, {"model": "rating.rating", "pk": 3, "fields": {"booking": 17, "User": 2, "driver": 10, "rating": 2, "comments": "Ride was safe & comfortable.", "given_by": "user", "created_at": "2025-08-19T07:35:24.130Z"}}, {"model": "rating.rating", "pk": 4, "fields": {"booking": 16, "User": 2, "driver": 10, "rating": 3, "comments": "Average ride", "given_by": "user", "created_at": "2025-08-19T08:13:32.424Z"}}, {"model": "rating.rating", "pk": 5, "fields": {"booking": 15, "User": 2, "driver": 10, "rating": 4, "comments": "Nice experience ", "given_by": "user", "created_at": "2025-08-20T08:13:34.031Z"}}, {"model": "rating.rating", "pk": 6, "fields": {"booking": 5, "User": 5, "driver": 4, "rating": 4, "comments": "Passenger was polite", "given_by": "driver", "created_at": "2025-08-20T08:49:24.237Z"}}, {"model": "rating.rating", "pk": 7, "fields": {"booking": 23, "User": 2, "driver": 5, "rating": 5, "comments": "Great Ride", "given_by": "user", "created_at": "2025-08-25T09:09:53.324Z"}}, {"model": "rating.rating", "pk": 8, "fields": {"booking": 24, "User": 2, "driver": 5, "rating": 4, "comments": "Good", "given_by": "user", "created_at": "2025-08-25T10:08:56.467Z"}}, {"model": "faq.maintopic", "pk": 1, "fields": {"name": "Booking"}}, {"model": "faq.maintopic", "pk": 2, "fields": {"name": "Payment"}}, {"model": "faq.maintopic", "pk": 3, "fields": {"name": "Refund"}}, {"model": "faq.maintopic", "pk": 4, "fields": {"name": "Safety"}}, {"model": "faq.subtopic", "pk": 1, "fields": {"main_topic": 1, "name": "Ride Scheduling"}}, {"model": "faq.subtopic", "pk": 2, "fields": {"main_topic": 1, "name": "Advance Booking"}}, {"model": "faq.subtopic", "pk": 3, "fields": {"main_topic": 1, "name": "In-Ride Changes"}}, {"model": "faq.subtopic", "pk": 4, "fields": {"main_topic": 2, "name": "Payment Methods"}}, {"model": "faq.subtopic", "pk": 5, "fields": {"main_topic": 2, "name": "Receipts"}}, {"model": "faq.subtopic", "pk": 6, "fields": {"main_topic": 3, "name": "Processing Time"}}, {"model": "faq.subtopic", "pk": 7, "fields": {"main_topic": 3, "name": "Refund Status"}}, {"model": "faq.subtopic", "pk": 8, "fields": {"main_topic": 4, "name": "Driver Vetting"}}, {"model": "faq.faq", "pk": 1, "fields": {"main_topic": 1, "sub_topic": 1, "question": "How do I book a cab using your app?", "answer": "To book a cab, open the app, enter your pickup and destination locations, choose your preferred cab type, and confirm your booking. You'll then be matched with a driver.", "created_at": "2025-07-31T07:10:51.033Z", "updated_at": "2025-07-31T07:10:51.033Z"}}, {"model": "faq.faq", "pk": 2, "fields": {"main_topic": 1, "sub_topic": 2, "question": "Can I schedule a cab in advance?", "answer": "Yes, you can! Simply select the \"Schedule Ride\" option after entering your destination and choose your desired date and time for pickup.", "created_at": "2025-07-31T07:11:28.234Z", "updated_at": "2025-07-31T07:11:28.235Z"}}, {"model": "faq.faq", "pk": 3, "fields": {"main_topic": 1, "sub_topic": 3, "question": "What if I need to change my destination during a ride?", "answer": "You can change your destination mid-ride by updating it in the app. The fare will be recalculated based on the new route. Please inform your driver of the change as well.", "created_at": "2025-07-31T07:12:18.736Z", "updated_at": "2025-07-31T07:12:18.736Z"}}, {"model": "faq.faq", "pk": 4, "fields": {"main_topic": 2, "sub_topic": 4, "question": "What payment methods do you accept?", "answer": "We accept various payment methods including credit/debit cards, net banking, and popular digital wallets. You can add and manage your payment methods in the 'Payment' section of the app.", "created_at": "2025-07-31T07:12:50.306Z", "updated_at": "2025-07-31T07:12:50.306Z"}}, {"model": "faq.faq", "pk": 5, "fields": {"main_topic": 2, "sub_topic": 5, "question": "How can I view my past ride receipts?", "answer": "All your ride receipts are available in the 'Ride History' section of the app. You can view, download, or email them from there.\r\n", "created_at": "2025-07-31T07:13:36.113Z", "updated_at": "2025-07-31T07:13:36.113Z"}}, {"model": "faq.faq", "pk": 6, "fields": {"main_topic": 3, "sub_topic": 6, "question": "How long does a refund take to process?", "answer": "Once a refund is initiated, it typically takes 5-7 business days for the amount to reflect in your original payment method, depending on your bank's processing times.", "created_at": "2025-07-31T07:14:10.804Z", "updated_at": "2025-07-31T07:14:10.804Z"}}, {"model": "faq.faq", "pk": 7, "fields": {"main_topic": 3, "sub_topic": 7, "question": "What should I do if my refund hasn't arrived?", "answer": "If your refund hasn't arrived within the expected timeframe, please contact our customer support with your booking ID and refund reference number, and we'll investigate the issue.", "created_at": "2025-07-31T07:14:46.667Z", "updated_at": "2025-07-31T07:14:46.667Z"}}, {"model": "faq.faq", "pk": 8, "fields": {"main_topic": 4, "sub_topic": 8, "question": "How do you ensure driver safety?", "answer": " All our drivers undergo thorough background checks and vehicle inspections. We also have a continuous rating system to ensure high service quality and safety standards.", "created_at": "2025-07-31T07:15:18.972Z", "updated_at": "2025-07-31T07:15:18.972Z"}}]